{"cameraMode":{"drawMode":0,"name":"Shaded","section":"Shading Mode"},"sceneLighting":true,"audioPlay":false,"sceneViewState":{"m_AlwaysRefresh":false,"showFog":true,"showSkybox":true,"showFlares":true,"showImageEffects":true,"showParticleSystems":true,"showVisualEffectGraphs":true,"m_FxEnabled":true},"in2DMode":false,"pivot":{"x":29.467334747314454,"y":0.13851237297058106,"z":-31.40753173828125},"rotation":{"x":-0.10180208832025528,"y":-0.6076081991195679,"z":0.07867512106895447,"w":-0.7838327288627625},"size":4.009921073913574,"orthographic":false}