{"cameraMode":{"drawMode":0,"name":"Shaded","section":"Shading Mode"},"sceneLighting":true,"audioPlay":false,"sceneViewState":{"m_AlwaysRefresh":false,"showFog":true,"showSkybox":true,"showFlares":true,"showImageEffects":true,"showParticleSystems":true,"showVisualEffectGraphs":true,"m_FxEnabled":true},"in2DMode":false,"pivot":{"x":0.6244379281997681,"y":45.21272277832031,"z":-22.369678497314454},"rotation":{"x":-0.5951973795890808,"y":0.003129712538793683,"z":-0.002321483800187707,"w":-0.8035827875137329},"size":12.12435531616211,"orthographic":false}