{"cameraMode":{"drawMode":0,"name":"Shaded","section":"Shading Mode"},"sceneLighting":true,"audioPlay":false,"sceneViewState":{"m_AlwaysRefresh":false,"showFog":true,"showSkybox":true,"showFlares":true,"showImageEffects":true,"showParticleSystems":true,"showVisualEffectGraphs":true,"m_FxEnabled":true},"in2DMode":false,"pivot":{"x":23.014095306396486,"y":17.713748931884767,"z":-1.302342414855957},"rotation":{"x":-0.21075503528118134,"y":0.3640238046646118,"z":-0.08490981161594391,"w":-0.9032923579216003},"size":0.9128348231315613,"orthographic":false}