{"cameraMode":{"drawMode":0,"name":"Shaded","section":"Shading Mode"},"sceneLighting":true,"audioPlay":false,"sceneViewState":{"m_AlwaysRefresh":false,"showFog":true,"showSkybox":true,"showFlares":true,"showImageEffects":true,"showParticleSystems":true,"showVisualEffectGraphs":true,"m_FxEnabled":true},"in2DMode":false,"pivot":{"x":2.517367362976074,"y":25.19504165649414,"z":-43.22317886352539},"rotation":{"x":-0.37047186493873598,"y":0.008829680271446705,"z":-0.003772375173866749,"w":-0.9288709759712219},"size":13.198317527770996,"orthographic":false}